user_id, d_rating, first_name, last_name, time_worked, salary, email, password, user_type
097438687,**,JORY,MATA,48,13,JORY_MATA@gmail.com,ckCc3Gpp,driver
984603776,*****,REBEKAH-JOY,PERRY,42,11,REBEKAH-JOY_PERRY@gmail.com,pVYyuv,driver
859052544,****,NAHEEM,CHARLES,43,10,NAHEEM_CHARLES@gmail.com,y4Gs2,driver
620029687,****,FINDLAY,HALEY,9,7,FINDLAY_HALEY@gmail.com,469cFlgYN,driver
600248230,***,JOHNNIE,HILL,9,15,JOHNNIE_HILL@gmail.com,2RcbMvuMaX,driver
579925699,**,ZERQA,ALLISON,4,10,ZERQA_ALLISON@gmail.com,UhaDX7W37p,driver
862520075,***,BARTHOLOMEW,NOVAK,12,12,BARTHOLOMEW_NOVAK@gmail.com,USzh4mP,driver
099486476,****,KATHRYN,OCHOA,29,14,KATHRYN_OCHOA@gmail.com,NTzewXmZXj,driver
580080257,*,DEBRA,ELLISON,26,7,DEBRA_ELLISON@gmail.com,UeZEL99Kz,driver
762732608,*,DELAWARI,MORALES,1,13,DELAWARI_MORALES@gmail.com,DPzQJ3kq,driver
909430295,*****,SARINA,DURAN,11,10,SARINA_DURAN@gmail.com,2v9lfq,driver
445353856,**,ABRAR,PEREZ,41,7,ABRAR_PEREZ@gmail.com,idKLgYE,driver
871728920,*,MYKAEL,MITCHELL,10,10,MYKAEL_MITCHELL@gmail.com,NSaELD6rMw,driver
321242483,**,RAVINDER,STUART,18,7,RAVINDER_STUART@gmail.com,EKeX!R2!zw,driver
821411238,***,ROSSANO,DELGADO,22,7,ROSSANO_DELGADO@gmail.com,kMb9OB1Zq1,driver
587609520,*,RONAN,BRIGGS,41,15,RONAN_BRIGGS@gmail.com,hx!s6WMpz,driver
324095767,***,KARLYNN,ZUNIGA,41,14,KARLYNN_ZUNIGA@gmail.com,xyw5hwyUEu,driver
849576670,*****,KIERON,HOOD,16,15,KIERON_HOOD@gmail.com,1uIW1,driver
053784121,****,BANG,HERNANDEZ,32,8,BANG_HERNANDEZ@gmail.com,Lsj14MoJx,driver
121976228,**,EBONY,CHUNG,23,10,EBONY_CHUNG@gmail.com,5wUTrMn,driver
057056798,*,SHERRI,LIU,19,14,SHERRI_LIU@gmail.com,fcO8l!M2u,driver
937584257,***,KERRY,INGRAM,43,10,KERRY_INGRAM@gmail.com,rwUsK,driver
501531845,***,SAMIYA,BASS,48,15,SAMIYA_BASS@gmail.com,SkrgxFgse,driver
201125791,*****,LORAINE,TANNER,45,11,LORAINE_TANNER@gmail.com,WR6aZxLk,driver
423942860,***,KULSUM,SAVAGE,35,13,KULSUM_SAVAGE@gmail.com,Fe3DG5pa1,driver
773647685,***,EDDIE,MEYERS,17,14,EDDIE_MEYERS@gmail.com,FIqa6D,driver
054600253,*****,HARDEEP,MANNING,23,7,HARDEEP_MANNING@gmail.com,wkfl2Lbgu,driver
421492723,*,RAIANNA,BENTON,18,10,RAIANNA_BENTON@gmail.com,svIVN,driver
322310909,*,HOK,PAGE,8,12,HOK_PAGE@gmail.com,p!JCxCHM,driver
658755955,***,JACOBINA,HUNTER,19,10,JACOBINA_HUNTER@gmail.com,UZxSI2H2,driver
655216613,**,RUBEN,TOWNSEND,18,15,RUBEN_TOWNSEND@gmail.com,!yP8Oe6,driver
886193501,*,RONDEEP,HARPER,1,7,RONDEEP_HARPER@gmail.com,bJfKj4YZ,driver
228797101,*****,ROBABEH,EDWARDS,20,15,ROBABEH_EDWARDS@gmail.com,8dVoe7nh6,driver
799675859,*,YAZAN,WELLS,45,8,YAZAN_WELLS@gmail.com,7TeFL4FpzS,driver
539749699,*,SIMON,KNAPP,32,10,SIMON_KNAPP@gmail.com,UYAdV4,driver
919533657,**,LEROY,DOWNS,34,12,LEROY_DOWNS@gmail.com,peV7H,driver
355653875,*****,TERRI-MAY,SHAW,27,14,TERRI-MAY_SHAW@gmail.com,m7GMYj5Tp,driver
090777865,*,JENNI,BROCK,48,8,JENNI_BROCK@gmail.com,PzEpGFKbv,driver
421083726,***,JEM,KAISER,2,13,JEM_KAISER@gmail.com,ZmmYieQM1,driver
915415236,**,SHERRIE,BURKE,26,13,SHERRIE_BURKE@gmail.com,gKhN52NJfG,driver
457896707,*****,MUSIRAD,AVERY,27,7,MUSIRAD_AVERY@gmail.com,K3yHsB,driver
436954636,*****,MONIQUE,DUKE,30,10,MONIQUE_DUKE@gmail.com,uHUtp5Umd,driver
556634089,***,ZAK,HORTON,43,8,ZAK_HORTON@gmail.com,3tFR3faS,driver
197238834,***,NAZISH,GRIFFITH,10,14,NAZISH_GRIFFITH@gmail.com,y2H1kFIifJ,driver
213802282,*****,KARIEN-ALICIA,HEATH,31,8,KARIEN-ALICIA_HEATH@gmail.com,xFIlvd5rVR,driver
545242100,*****,KHADIEGAH,STANTON,16,14,KHADIEGAH_STANTON@gmail.com,wQltb!,driver
601064533,*,FAREENA,PATRICK,13,7,FAREENA_PATRICK@gmail.com,sZMthcZ,driver
877537317,**,BLAINE,MANNING,11,14,BLAINE_MANNING@gmail.com,wCtggdchV8,driver
316170037,****,JACQLYN,BROCK,13,14,JACQLYN_BROCK@gmail.com,PtWby,driver
570342689,***,ARIANNE,LOWE,12,9,ARIANNE_LOWE@gmail.com,PcP3bJvYA,driver
833565775,*****,PETER,RAYMOND,39,11,PETER_RAYMOND@gmail.com,m6raYQ,driver
535899365,**,DALENE,BARRERA,10,11,DALENE_BARRERA@gmail.com,UW5Krvne,driver
478529340,**,JENNA-LEIGH,SINGH,33,15,JENNA-LEIGH_SINGH@gmail.com,mIW!T,driver
954118127,*,AKMAL,WALLACE,1,8,AKMAL_WALLACE@gmail.com,YaC4de4,driver
713903777,*,MARIA,AUSTIN,11,14,MARIA_AUSTIN@gmail.com,SR7eUlKX,driver
245503044,**,BETHAN,MCINTYRE,30,9,BETHAN_MCINTYRE@gmail.com,RrHSHGFD,driver
384665289,****,STEVENSON,BYRD,16,15,STEVENSON_BYRD@gmail.com,bZtnb64,driver
689908773,*,RODDY,LANDRY,7,9,RODDY_LANDRY@gmail.com,Xo6DXbjXo,driver
428269333,*,KHAI,BOLTON,7,11,KHAI_BOLTON@gmail.com,LCXtga,driver
954761684,*,BRETT,COOLEY,24,8,BRETT_COOLEY@gmail.com,AFsddy74t,driver
234210293,*,YVONNE,BREWER,13,13,YVONNE_BREWER@gmail.com,veDMZ,driver
574436254,****,KASIA,BERRY,6,8,KASIA_BERRY@gmail.com,1ibOZy,driver
437417332,***,JAVA,COBB,46,15,JAVA_COBB@gmail.com,BU3DXg,driver
016714722,***,TIMOTHEA,SHAH,27,14,TIMOTHEA_SHAH@gmail.com,6pxshzduWv,driver
787313440,***,ASIA,ESTES,45,7,ASIA_ESTES@gmail.com,zFES8n,driver
377817964,*****,CONNOR,WILLIS,26,7,CONNOR_WILLIS@gmail.com,PmxR9,driver
984077872,*****,RONA,AUSTIN,1,14,RONA_AUSTIN@gmail.com,1FEPJ,driver
622258601,*****,ZACHARY,GREGORY,44,15,ZACHARY_GREGORY@gmail.com,!xKQQ8,driver
830388344,****,HEBA,BUCHANAN,22,10,HEBA_BUCHANAN@gmail.com,if9RyE,driver
926908443,**,HASAN,GROSS,39,12,HASAN_GROSS@gmail.com,vmuESRlj6z,driver
823630941,**,RAYMOND,HALEY,46,14,RAYMOND_HALEY@gmail.com,h5FU4E9F7,driver
748004799,*,VANI,MCCALL,30,7,VANI_MCCALL@gmail.com,UeLpCoeHu,driver
144575742,*****,LEANN,CHANEY,46,11,LEANN_CHANEY@gmail.com,qyfC1knc,driver
977437839,*****,RANALD,ESTES,33,14,RANALD_ESTES@gmail.com,D3LxM,driver
223698119,*,ATIYA,SHAH,43,12,ATIYA_SHAH@gmail.com,xT9RD,driver
391940951,****,JED,KNAPP,8,12,JED_KNAPP@gmail.com,zsXUHXjQVZ,driver
762574528,*****,TAMER,PARK,7,7,TAMER_PARK@gmail.com,tRX!Kb,driver
422408433,**,CLAIRE,ROACH,29,8,CLAIRE_ROACH@gmail.com,i9p8k,driver
904065584,*****,KENNEY,JIMENEZ,41,9,KENNEY_JIMENEZ@gmail.com,weSFpHJZaP,driver
971913982,****,CASSIE,GARZA,12,12,CASSIE_GARZA@gmail.com,qIjyX,driver
413077599,*,AZIM,RICHARD,33,9,AZIM_RICHARD@gmail.com,Y6QLUX,driver
953118788,*****,AMAR,BYRD,36,7,AMAR_BYRD@gmail.com,14tGcO6Fo,driver
959653185,*,LONYA,FRANCIS,42,15,LONYA_FRANCIS@gmail.com,rP6pBB,driver
070450494,***,ANN,EVERETT,14,9,ANN_EVERETT@gmail.com,OxxFweEypt,driver
191701401,*,KEANE,MCCANN,39,13,KEANE_MCCANN@gmail.com,t9K3Po7QI,driver
889695008,***,ASFA,HOBBS,46,12,ASFA_HOBBS@gmail.com,9qAJn1,driver
420178218,****,RHODA,GOODWIN,32,14,RHODA_GOODWIN@gmail.com,YXscDTP8fD,driver
416759385,****,KARENANNE,PENNINGTON,34,9,KARENANNE_PENNINGTON@gmail.com,SEE!9QIEy,driver
857050541,****,NATHALIE,MAY,38,15,NATHALIE_MAY@gmail.com,ejPJDR,driver
393455783,*****,ABBAS,HURLEY,44,9,ABBAS_HURLEY@gmail.com,ObLlZj,driver
652066027,*,HAYLIE,GAMBLE,16,11,HAYLIE_GAMBLE@gmail.com,Pr4W9q,driver
371001995,*,WAYNE,SHERMAN,7,9,WAYNE_SHERMAN@gmail.com,uW5N3t69S2,driver
509756362,***,SUET,MONTES,43,9,SUET_MONTES@gmail.com,6KBMpi,driver
269452909,***,KARRIS,HORN,7,15,KARRIS_HORN@gmail.com,wJt!6Amigr,driver
503947936,*****,MAURIZIO,CHEN,43,7,MAURIZIO_CHEN@gmail.com,pAWr7iy6KZ,driver
780664028,****,CASEY,CHANG,46,15,CASEY_CHANG@gmail.com,nhoBkLaRBa,driver
524919337,*,EUAN,WAGNER,22,14,EUAN_WAGNER@gmail.com,7y1sYu,driver
370809357,****,RANNEE,PHAM,1,11,RANNEE_PHAM@gmail.com,vcUBnp26,driver
928617073,***,LIANNE,MORA,35,15,LIANNE_MORA@gmail.com,Jhzi1B6,driver
277093607,*****,AICHA,MONTGOMERY,34,8,AICHA_MONTGOMERY@gmail.com,RA5VKL8J,driver
